{
  "mainCategory": [
    {
      "id": 0
    },
    {
      "name": "Male",
      "id": 1
    },
    {
      "name": "Female",
      "id": 2
    },
    {
      "name": "Kids",
      "id": 3
    },
    {
      "name": "Teachers",
      "id": 4
    }
  ],
  "subCategory": [
    {
      "id": 0
    },
    {
      "id": 1,
      "name": "Soft drinks"
    },
    {
      "name": "Cookies",
      "id": 2
    },
    {
      "name": "Pastry & Cakes",
      "id": 3
    }
  ],
  "brand": [
    {
      "id": 0
    }
  ],
  "products": [
    {
      "id": 0
    }
  ],
  "user": [
    {
      "id": 0
    }
  ],
  "cart": [
    {
      "id": 0
    }
  ],
  "checkOut": [
    {
      "id": 0
    }
  ],
  "wishList": [
    {
      "id": 0
    }
  ],
  "newsLetter": [
    {
      "id": 0
    }
  ],
  "contacts": [
    {
      "id": 0
    }
  ]
}